Site,Title,Company,Location,URL,Date
greenhouse,Lead Animator,Cloud Chamber,"Novato, California, United States",https://job-boards.greenhouse.io/cloudchamberen/jobs/7888165003,2026-08-19
greenhouse,Lead Animator,Cloud Chamber,"Montréal, Quebec, Canada",https://job-boards.greenhouse.io/cloudchamberen/jobs/7888163003,2026-08-19
greenhouse,Associate Producer,Cloud Chamber,"Montréal, Quebec, Canada",https://job-boards.greenhouse.io/cloudchamberen/jobs/7865973003,2026-08-17
greenhouse,Lead Lighting Artist,Cloud Chamber,"Montréal, Quebec, Canada",https://job-boards.greenhouse.io/cloudchamberen/jobs/7856224003,2026-08-17
greenhouse,Lead Lighting Artist,Cloud Chamber,"Novato, California, United States",https://job-boards.greenhouse.io/cloudchamberen/jobs/7856222003,2026-08-14
greenhouse,Lead Level Artist,Cloud Chamber,"Novato, California, United States",https://job-boards.greenhouse.io/cloudchamberen/jobs/7812708003,2026-08-13
greenhouse,Lead Level Artist,Cloud Chamber,"Montréal, Quebec, Canada",https://job-boards.greenhouse.io/cloudchamberen/jobs/7812706003,2026-07-31
greenhouse,Senior Level Artist,Cloud Chamber,"Novato, California, United States",https://job-boards.greenhouse.io/cloudchamberen/jobs/7731296003,2026-05-21
greenhouse,Senior Level Artist,Cloud Chamber,"Montréal, Quebec, Canada",https://job-boards.greenhouse.io/cloudchamberen/jobs/7731294003,2026-05-21
greenhouse,Senior Combat Designer (Encounters),Cloud Chamber,"Montréal, Quebec, Canada",https://job-boards.greenhouse.io/cloudchamberen/jobs/7720894003,2026-05-06
greenhouse,Senior Combat Designer (Encounters),Cloud Chamber,"Novato, California, United States",https://job-boards.greenhouse.io/cloudchamberen/jobs/7720896003,2026-05-06
greenhouse,Senior Graphics Engineer,Cloud Chamber,"Novato, California, United States",https://job-boards.greenhouse.io/cloudchamberen/jobs/7720903003,2026-05-04
greenhouse,Senior Graphics Programmer,Cloud Chamber,"Montréal, Quebec, Canada",https://job-boards.greenhouse.io/cloudchamberen/jobs/7720901003,2026-05-04
greenhouse,Gameplay Engineer,Cloud Chamber,"Montréal, Quebec, Canada",https://job-boards.greenhouse.io/cloudchamberen/jobs/7660289003,2026-03-10
greenhouse,Gameplay Engineer,Cloud Chamber,"Novato, California, United States",https://job-boards.greenhouse.io/cloudchamberen/jobs/7655936003,2026-03-10
greenhouse,Build Systems Engineer,2K,"Los Angeles, California, United States",https://job-boards.greenhouse.io/2k/jobs/8006916003,2026-10-01
greenhouse,Build Systems Engineer,2K,"Austin, Texas, United States",https://job-boards.greenhouse.io/2k/jobs/8010965003,2026-10-01
greenhouse,Director of Data Engineering,2K,"Dublin, Ireland",https://job-boards.greenhouse.io/2k/jobs/8009235003,2026-09-30
greenhouse,"Associate Manager, Community Marketing",2K,"Los Angeles, California, United States",https://job-boards.greenhouse.io/2k/jobs/7994802003,2026-09-23
greenhouse,Backend Architect,2K,"Bangalore, Karnataka, India",https://job-boards.greenhouse.io/2k/jobs/7997350003,2026-09-22
greenhouse,"Analyste en assurance qualité linguistique (LQA) espagnol latino-américain / LQA Analyst, Spanish Latin American",2K,"Montréal, Quebec, Canada",https://job-boards.greenhouse.io/2k/jobs/7978912003,2026-09-11
greenhouse,"Associate Marketing Manager, Korea",2K,"Seoul, South Korea",https://job-boards.greenhouse.io/2k/jobs/7801198003,2026-09-03
greenhouse,"Associate Manager, Content Localization",2K,"Tokyo, Chiyoda, Japan",https://job-boards.greenhouse.io/2k/jobs/7772145003,2026-08-20
greenhouse,Associate Producer,2K,"Montréal, Quebec, Canada",https://job-boards.greenhouse.io/2k/jobs/7865976003,2026-08-17
greenhouse,DevOps Engineer,2K,"Bangalore, Karnataka, India",https://job-boards.greenhouse.io/2k/jobs/7865971003,2026-08-17
greenhouse,"Associate Creative Producer, Core",2K,"Los Angeles, California, United States; Novato, California, United States",https://job-boards.greenhouse.io/2k/jobs/7812741003,2026-08-05
greenhouse,Data Platform Engineer,2K,"Bangalore, Karnataka, India",https://job-boards.greenhouse.io/2k/jobs/7778400003,2026-06-19
greenhouse,DevOps Engineer,2K,"Austin, Texas, United States",https://job-boards.greenhouse.io/2k/jobs/7762608003,2026-06-04
greenhouse,Data Quality Engineer,2K,"Bangalore, Karnataka, India",https://job-boards.greenhouse.io/2k/jobs/7728471003,2026-05-13
greenhouse,Artiste technique sénior·e UI / Senior UI Tech Artist,2K,"Quebec, Canada",https://job-boards.greenhouse.io/2k/jobs/7731213003,2026-05-11
greenhouse,Designer Principal UI/UX  / Principal UI/UX Designer,Highdive,Montreal,https://job-boards.greenhouse.io/highdive/jobs/5255446007,2026-10-02
greenhouse,Analyste senior des données de jeu / Senior Game Data Analyst,Highdive,Montreal,https://job-boards.greenhouse.io/highdive/jobs/5197835007,2026-07-28
greenhouse,Concepteur de niveaux senior / Senior Level Designer,Highdive,Montreal,https://job-boards.greenhouse.io/highdive/jobs/5129116007,2026-05-05
greenhouse,Artiste principal en VFX / Principal VFX Artist,Highdive,Montreal,https://job-boards.greenhouse.io/highdive/jobs/5127481007,2026-05-04
greenhouse,Artiste de niveau senior / Senior Level Artist,Highdive,Toronto,https://job-boards.greenhouse.io/highdive/jobs/4985436007,2025-11-20
greenhouse,Generalist Content Tech Director - Directeur Technique Généraliste de Contenu,Highdive,Toronto,https://job-boards.greenhouse.io/highdive/jobs/4964067007,2025-10-30
greenhouse,Chef d'équipe - Artiste de niveau / Lead Level Artist,Highdive,Toronto,https://job-boards.greenhouse.io/highdive/jobs/4795652007,2025-07-22
greenhouse,Data Science Intern,Epic Games,"Cary,North Carolina,United States",https://epicgames.com/careers/jobs/6202675004?gh_jid=6202675004,2026-09-21
greenhouse,Communications Intern,Epic Games,"Cary,North Carolina,United States",https://epicgames.com/careers/jobs/6152496004?gh_jid=6152496004,2026-09-14
greenhouse,Backend Services Programmer Intern,Epic Games,"Cary,North Carolina,United States",https://epicgames.com/careers/jobs/6183293004?gh_jid=6183293004,2026-09-10
greenhouse,"Director, Player Marketing",Epic Games,"BLANK,BLANK,Multiple Locations",https://epicgames.com/careers/jobs/6149331004?gh_jid=6149331004,2026-08-21
greenhouse,"Director, Player Marketing",Epic Games,"Cary,North Carolina,United States",https://epicgames.com/careers/jobs/6148974004?gh_jid=6148974004,2026-08-21
greenhouse,AI Programmer,Epic Games,"Montreal,Quebec,Canada",https://epicgames.com/careers/jobs/6123842004?gh_jid=6123842004,2026-07-25
greenhouse,AI Programmer,Epic Games,"Porto Alegre,Rio Grande do Sul,Brazil",https://epicgames.com/careers/jobs/6123844004?gh_jid=6123844004,2026-07-25
greenhouse,Build Programmer,Epic Games,"Montreal,Quebec,Canada",https://epicgames.com/careers/jobs/6123848004?gh_jid=6123848004,2026-07-25
greenhouse,Build Programmer,Epic Games,"Porto Alegre,Rio Grande do Sul,Brazil",https://epicgames.com/careers/jobs/6123847004?gh_jid=6123847004,2026-07-25
greenhouse,AI Programmer,Epic Games,"Cary,North Carolina,United States",https://epicgames.com/careers/jobs/6119870004?gh_jid=6119870004,2026-07-23
greenhouse,Build Programmer,Epic Games,"Cary,North Carolina,United States",https://epicgames.com/careers/jobs/6020369004?gh_jid=6020369004,2026-07-23
greenhouse,Animation Systems Programmer,Epic Games,"Larkspur,California,United States",https://epicgames.com/careers/jobs/6103058004?gh_jid=6103058004,2026-06-26
greenhouse,Cinematics Director,Epic Games,"BLANK,BLANK,Multiple Locations",https://epicgames.com/careers/jobs/5993483004?gh_jid=5993483004,2026-06-08
greenhouse,Cinematics Director,Epic Games,"Cary,North Carolina,United States",https://epicgames.com/careers/jobs/5993481004?gh_jid=5993481004,2026-06-08
greenhouse,"Director, Product Management (Discovery, Search, Personalization)",Epic Games,"Cary,North Carolina,United States",https://epicgames.com/careers/jobs/6013333004?gh_jid=6013333004,2026-06-03
smartrecruiters,Artiste IA Générative,Rodeo FX,"Montreal, QC, ca",https://api.smartrecruiters.com/v1/companies/rodeofx/postings/744000153276859,2026-10-02
smartrecruiters,3D AI Generalist - 6 Months Contract,Rodeo FX,"Toronto, ON, ca",https://api.smartrecruiters.com/v1/companies/rodeofx/postings/744000153276599,2026-10-02
smartrecruiters,Generative AI Artist,Rodeo FX,"Montreal, QC, ca",https://api.smartrecruiters.com/v1/companies/rodeofx/postings/744000153276245,2026-10-02
smartrecruiters,Assistant.e de production VFX IO - Contrat Permanent,Rodeo FX,"Montreal, QC, ca",https://api.smartrecruiters.com/v1/companies/rodeofx/postings/744000153260659,2026-10-02
smartrecruiters,VFX Production Assistant IO - Permanent contract,Rodeo FX,"Montreal, QC, ca",https://api.smartrecruiters.com/v1/companies/rodeofx/postings/744000153260599,2026-10-02
smartrecruiters,Coordonnateur.trice de production VFX Senior,Rodeo FX,"Montreal, QC, ca",https://api.smartrecruiters.com/v1/companies/rodeofx/postings/744000153258779,2026-10-02
smartrecruiters,Senior VFX Production Coordinator,Rodeo FX,"Montreal, QC, ca",https://api.smartrecruiters.com/v1/companies/rodeofx/postings/744000153258609,2026-10-02
smartrecruiters,Spécialiste junior de l’acquisition de talents en effets visuels – contrat de 6 mois,Rodeo FX,"Montreal, QC, ca",https://api.smartrecruiters.com/v1/companies/rodeofx/postings/744000153245089,2026-10-02
smartrecruiters,Talent Acquisition Specialist in Visual effects - 6 months contract,Rodeo FX,"Montreal, QC, ca",https://api.smartrecruiters.com/v1/companies/rodeofx/postings/744000153243527,2026-10-02
smartrecruiters,Artiste senior en modélisation 3D - Position Permanente,Rodeo FX,"Montreal, QC, ca",https://api.smartrecruiters.com/v1/companies/rodeofx/postings/744000152706559,2026-09-30
smartrecruiters,Senior Modeling Artist - Permanent,Rodeo FX,"Montreal, QC, ca",https://api.smartrecruiters.com/v1/companies/rodeofx/postings/744000152706399,2026-09-30
smartrecruiters,Ingénieur.e de platforme senior,Rodeo FX,"Montreal, QC, ca",https://api.smartrecruiters.com/v1/companies/rodeofx/postings/744000152683830,2026-09-30
smartrecruiters,Senior Platform Engineer,Rodeo FX,"Montreal, QC, ca",https://api.smartrecruiters.com/v1/companies/rodeofx/postings/744000152683900,2026-09-30
smartrecruiters,Regional Head Of Technology (Rodeo FX India),Rodeo FX,"Bengaluru, KA, in",https://api.smartrecruiters.com/v1/companies/rodeofx/postings/744000152266890,2026-09-28
smartrecruiters,VFX Project Manager - Permanent role,Rodeo FX,"Montreal, QC, ca",https://api.smartrecruiters.com/v1/companies/rodeofx/postings/744000152248659,2026-09-28
smartrecruiters,"Gestionnaire ventes, événements et kiosques",Videotron,"Montréal, QC, ca",https://api.smartrecruiters.com/v1/companies/Videotron/postings/744000153273919,2026-10-02
smartrecruiters,Stratège numérique et médias sociaux,Videotron,"Montréal, QC, ca",https://api.smartrecruiters.com/v1/companies/Videotron/postings/744000153273359,2026-10-02
smartrecruiters,Stratège numérique et médias sociaux,Videotron,"Québec, QC, ca",https://api.smartrecruiters.com/v1/companies/Videotron/postings/744000153273130,2026-10-02
smartrecruiters,Stagiaire informatique (Centre Vidéotron - Québec),Videotron,"Québec, QC, ca",https://api.smartrecruiters.com/v1/companies/Videotron/postings/744000153261229,2026-10-02
smartrecruiters,Gestionnaire approvisionnement stratégique,Videotron,"Montréal, QC, ca",https://api.smartrecruiters.com/v1/companies/Videotron/postings/744000153256829,2026-10-02
smartrecruiters,Directeur·rice développement des affaires - Affichage,Videotron,"Montréal, QC, ca",https://api.smartrecruiters.com/v1/companies/Videotron/postings/744000153250769,2026-10-02
smartrecruiters,Préposé·e service à la clientèle,Videotron,"Mirabel, QC, ca",https://api.smartrecruiters.com/v1/companies/Videotron/postings/744000153246084,2026-10-02
smartrecruiters,Gestionnaire principal·e approvisionnement stratégique - Services corporatifs,Videotron,"Montréal, QC, ca",https://api.smartrecruiters.com/v1/companies/Videotron/postings/744000153236794,2026-10-02
smartrecruiters,"Agent·e de ventes, Sorel-Tracy",Videotron,"Sorel-Tracy, QC, ca",https://api.smartrecruiters.com/v1/companies/Videotron/postings/744000153177047,2026-10-02
smartrecruiters,"Analyste/Ingénieur·e Déploiement, Support conception réseaux filaires",Videotron,"Montréal, QC, ca",https://api.smartrecruiters.com/v1/companies/Videotron/postings/744000153012908,2026-10-01
smartrecruiters,"Gestionnaire principal·e de projets, Développement Technologique",Videotron,"Montréal, QC, ca",https://api.smartrecruiters.com/v1/companies/Videotron/postings/744000152961319,2026-10-01
smartrecruiters,"Gestionnaire de projets, Développement Technologique",Videotron,"Montréal, QC, ca",https://api.smartrecruiters.com/v1/companies/Videotron/postings/744000152957244,2026-10-01
smartrecruiters,Journaliste multifonctions,Videotron,"Québec, QC, ca",https://api.smartrecruiters.com/v1/companies/Videotron/postings/744000152940939,2026-10-01
smartrecruiters,Chargé·e de projets expérientiels,Videotron,"Montréal, QC, ca",https://api.smartrecruiters.com/v1/companies/Videotron/postings/744000152767859,2026-09-30
smartrecruiters,Manutentionnaire,Videotron,"Château-Richer, QC, ca",https://api.smartrecruiters.com/v1/companies/Videotron/postings/744000152763984,2026-09-30
smartrecruiters,Artiste IA Générative,Rodeo FX,"Montreal, QC, ca",https://api.smartrecruiters.com/v1/companies/RodeoFX/postings/744000153276859,2026-10-02
smartrecruiters,3D AI Generalist - 6 Months Contract,Rodeo FX,"Toronto, ON, ca",https://api.smartrecruiters.com/v1/companies/RodeoFX/postings/744000153276599,2026-10-02
smartrecruiters,Generative AI Artist,Rodeo FX,"Montreal, QC, ca",https://api.smartrecruiters.com/v1/companies/RodeoFX/postings/744000153276245,2026-10-02
smartrecruiters,Assistant.e de production VFX IO - Contrat Permanent,Rodeo FX,"Montreal, QC, ca",https://api.smartrecruiters.com/v1/companies/RodeoFX/postings/744000153260659,2026-10-02
smartrecruiters,VFX Production Assistant IO - Permanent contract,Rodeo FX,"Montreal, QC, ca",https://api.smartrecruiters.com/v1/companies/RodeoFX/postings/744000153260599,2026-10-02
smartrecruiters,Coordonnateur.trice de production VFX Senior,Rodeo FX,"Montreal, QC, ca",https://api.smartrecruiters.com/v1/companies/RodeoFX/postings/744000153258779,2026-10-02
smartrecruiters,Senior VFX Production Coordinator,Rodeo FX,"Montreal, QC, ca",https://api.smartrecruiters.com/v1/companies/RodeoFX/postings/744000153258609,2026-10-02
smartrecruiters,Spécialiste junior de l’acquisition de talents en effets visuels – contrat de 6 mois,Rodeo FX,"Montreal, QC, ca",https://api.smartrecruiters.com/v1/companies/RodeoFX/postings/744000153245089,2026-10-02
smartrecruiters,Talent Acquisition Specialist in Visual effects - 6 months contract,Rodeo FX,"Montreal, QC, ca",https://api.smartrecruiters.com/v1/companies/RodeoFX/postings/744000153243527,2026-10-02
smartrecruiters,Artiste senior en modélisation 3D - Position Permanente,Rodeo FX,"Montreal, QC, ca",https://api.smartrecruiters.com/v1/companies/RodeoFX/postings/744000152706559,2026-09-30
smartrecruiters,Senior Modeling Artist - Permanent,Rodeo FX,"Montreal, QC, ca",https://api.smartrecruiters.com/v1/companies/RodeoFX/postings/744000152706399,2026-09-30
smartrecruiters,Ingénieur.e de platforme senior,Rodeo FX,"Montreal, QC, ca",https://api.smartrecruiters.com/v1/companies/RodeoFX/postings/744000152683830,2026-09-30
smartrecruiters,Senior Platform Engineer,Rodeo FX,"Montreal, QC, ca",https://api.smartrecruiters.com/v1/companies/RodeoFX/postings/744000152683900,2026-09-30
smartrecruiters,Regional Head Of Technology (Rodeo FX India),Rodeo FX,"Bengaluru, KA, in",https://api.smartrecruiters.com/v1/companies/RodeoFX/postings/744000152266890,2026-09-28
smartrecruiters,VFX Project Manager - Permanent role,Rodeo FX,"Montreal, QC, ca",https://api.smartrecruiters.com/v1/companies/RodeoFX/postings/744000152248659,2026-09-28
bamboohr,"VANCOUVER, BC - Compositor - MID/SR - Expression of Interest",barnstormvfx,"Vancouver, British Columbia",https://barnstormvfx.bamboohr.com/careers/56,
bamboohr,MONTRÉAL (QC) – Artiste en compositing - Compositing Artist,barnstormvfx,"Montreal, Quebec",https://barnstormvfx.bamboohr.com/careers/66,
bamboohr,ANY LOCATION - General Application - Expression of Interest,barnstormvfx,,https://barnstormvfx.bamboohr.com/careers/114,
bamboohr,NEW YORK - Compositor: MID/SR Roles,barnstormvfx,,https://barnstormvfx.bamboohr.com/careers/152,
bamboohr,"GEORGIA, USA - Compositor -MID/SR - Expression of Interest",barnstormvfx,"Atlanta, Georgia",https://barnstormvfx.bamboohr.com/careers/156,
bamboohr,Senior Creature / Rigging Artist (CFX & Tech Anim),barnstormvfx,,https://barnstormvfx.bamboohr.com/careers/160,
bamboohr,Artiste principal(e) de créatures - Lead Creature Artist - QC,barnstormvfx,"Montreal, Quebec",https://barnstormvfx.bamboohr.com/careers/176,
bamboohr,"LOS ANGELES, USA - Compositor - MID/SR - Expression of Interest",barnstormvfx,"Burbank, California",https://barnstormvfx.bamboohr.com/careers/192,
bamboohr,Environment Generalist (VAN),barnstormvfx,"Vancouver, British Columbia",https://barnstormvfx.bamboohr.com/careers/204,
workable,3D Character Artist - Talent Pool (EU),sideinc,"London, England, United Kingdom",https://apply.workable.com/j/DB9081AA14,2025-08-20
workable,3D Character Artist - Talent Pool (EU),sideinc,"Warsaw, Masovian Voivodeship, Poland",https://apply.workable.com/j/DB9081AA14,2025-08-20
workable,3D Character Artist - Talent Pool (EU),sideinc,"Berlin, Berlin, Germany",https://apply.workable.com/j/DB9081AA14,2025-08-20
workable,3D Character Artist - Talent Pool (EU),sideinc,"Madrid, Community of Madrid, Spain",https://apply.workable.com/j/DB9081AA14,2025-08-20
workable,3D Character Artist - Talent Pool (EU),sideinc,"Stockholm, Stockholm County, Sweden",https://apply.workable.com/j/DB9081AA14,2025-08-20
workable,3D Character Artist - Talent Pool (LATAM),sideinc,"São Paulo, State of São Paulo, Brazil",https://apply.workable.com/j/565FB5F95C,2025-07-23
workable,3D Character Artist - Talent Pool (LATAM),sideinc,"Mexico City, Mexico City, Mexico",https://apply.workable.com/j/565FB5F95C,2025-07-23
workable,3D Character Artist - Talent Pool (LATAM),sideinc,"Guadalajara, Jalisco, Mexico",https://apply.workable.com/j/565FB5F95C,2025-07-23
workable,3D Character Artist - Talent Pool (LATAM),sideinc,"Buenos Aires, Buenos Aires, Argentina",https://apply.workable.com/j/565FB5F95C,2025-07-23
workable,3D Character Artist - Talent Pool (LATAM),sideinc,"Bogotá, Bogota, Colombia",https://apply.workable.com/j/565FB5F95C,2025-07-23
workable,3D Character Artist - Talent Pool (APAC),sideinc,"Manila, Metro Manila, Philippines",https://apply.workable.com/j/10A389D89B,2025-04-14
workable,3D Character Artist - Talent Pool (APAC),sideinc,"Bengaluru, Karnataka, India",https://apply.workable.com/j/10A389D89B,2025-04-14
workable,3D Character Artist - Talent Pool (APAC),sideinc,"Kuala Lumpur, Federal Territory of Kuala Lumpur, Malaysia",https://apply.workable.com/j/10A389D89B,2025-04-14
workable,3D Character Artist - Talent Pool (APAC),sideinc,"Taipei, Taipei City, Taiwan",https://apply.workable.com/j/10A389D89B,2025-04-14
workable,3D Character Artist - Talent Pool (APAC),sideinc,"Auckland, Auckland, New Zealand",https://apply.workable.com/j/10A389D89B,2025-04-14
recruitee,Compositor (Freelancer),framestore,"Mumbai, India",https://framestore.recruitee.com/o/compositor-freelancer/compositor-freelancer,2026-09-30
recruitee,Senior Cloud Platform DevOps Engineer,framestore,"London, United Kingdom",https://framestore.recruitee.com/o/snr-platform-devops/snr-platform-devops,2026-09-29
recruitee,Animation Supervisor,framestore,"London, United Kingdom",https://framestore.recruitee.com/o/animation-supervisor-3/animation-supervisor-3,2026-09-18
recruitee,Senior Fullstack Developer,framestore,"London, United Kingdom",https://framestore.recruitee.com/o/senior-fullstack-developer/senior-fullstack-developer,2026-09-17
recruitee,Technical Animator (Expression of Interest),framestore,"London, United Kingdom",https://framestore.recruitee.com/o/technical-animator-expression-of-interest-1/technical-animator-expression-of-interest-1,2026-09-11
recruitee,Freelance: Lead FX Technical Director,framestore,"New York, United States",https://framestore.recruitee.com/o/freelance-lead-fx-technical-director/freelance-lead-fx-technical-director,2026-09-08
recruitee,Systems Support Administrator,framestore,"New York, United States",https://framestore.recruitee.com/o/systems-support-administrator-2026/systems-support-administrator-2026,2026-09-03
recruitee,Senior Creature FX TD,framestore,"Melbourne, Australia",https://framestore.recruitee.com/o/senior-creature-fx-td-4/senior-creature-fx-td-4,2026-09-01
recruitee,FX TD - Mid/Senior,framestore,"Melbourne, Australia",https://framestore.recruitee.com/o/fx-td-midsenior/fx-td-midsenior,2026-08-26
recruitee,Game Environment Artist (Expression of Interest),framestore,"London, United Kingdom",https://framestore.recruitee.com/o/game-environment-artist-expression-of-interest/game-environment-artist-expression-of-interest,2026-08-25
recruitee,Compositor - Mid/Senior,framestore,"Melbourne, Australia",https://framestore.recruitee.com/o/compositor-midsenior/compositor-midsenior,2026-08-25
recruitee,Blender Generalist - Visual Development Artist,framestore,"Montreal, Canada",https://framestore.recruitee.com/o/generaliste-blender-artiste-au-development-visuel-blender-generalist-visual-development-artist/generaliste-blender-artiste-au-development-visuel-blender-generalist-visual-development-artist,2026-08-21
recruitee,Unreal Engine Developer (Expression of Interest),framestore,"London, United Kingdom",https://framestore.recruitee.com/o/unreal-engine-dev/unreal-engine-dev,2026-08-21
recruitee,Realtime Generalist (Expression of Interest),framestore,"London, United Kingdom",https://framestore.recruitee.com/o/realtime-generalist-expression-of-interest-1/realtime-generalist-expression-of-interest-1,2026-08-19
recruitee,Creature FX TD (Freelancer),framestore,"Mumbai, India",https://framestore.recruitee.com/o/creature-fx-td-freelancer/creature-fx-td-freelancer,2026-08-18
